id;first_name;last_name;phone;email;address_1;address_2;country;city;state;zip
1;Jayson;Davis;975-900-4499 x183;Patience_Gerlach@yahoo.com;cyan invoice Refined;infrastructures Investment;Russian Federation;Medhurstmouth;Loan Fresh;Rustic Handcrafted
2;Jarvis;Prohaska;1-986-472-1707;Brandon95@gmail.com;Stand-alone Metal;Bedfordshire azure Account;Faroe Islands;Richmond;Unbranded payment Arizona;sensor bypassing
3;Garry;Pagac;(261) 261-5998 x298;Eliezer13@gmail.com;Creek responsive;Research;Mayotte;Trompville;Decentralized deposit Hat;plum collaboration
4;Nathanial;Langosh;415-435-1261 x588;Wilma.Herman36@yahoo.com;Personal;syndicate Cheese methodologies;Finland;Jeramyfort;sensor;robust
5;Kyler;Schumm;1-536-974-5580;Karli.Wilkinson@gmail.com;CFP;AI;Canada;Port Ezekielport;Metrics Wooden quantifying;Barbados e-business
6;Elena;Larson;861.993.0245 x7606;Tressa33@hotmail.com;plum utilize;Program;Kiribati;North Veldaland;JSON calculate;SMTP
7;Josiah;Gibson;(396) 229-2748;Odessa_Hilpert@gmail.com;Tuna regional calculate;Total Rubber models;Poland;Rebekamouth;azure;Assurance action-items
8;Kylee;Gerhold;405-272-1601 x64704;Abby.Smitham@yahoo.com;Response;wireless Refined dot-com;Oman;Boscotown;Towels partnerships;Consultant virtual Unbranded
9;Perry;Stoltenberg;1-377-460-9061 x0501;Keon68@gmail.com;Grocery Awesome;Buckinghamshire services open-source;Equatorial Guinea;South Pansy;hacking;Directives hacking
10;Pinkie;Hoeger;(879) 928-6167;Giovanna.Ebert@gmail.com;database Dollar;Sleek hardware Throughway;Paraguay;Stillwater;monitoring;holistic microchip
